index,date,water_level,discharge_m3_s
0,2018-10-16,62.0,0.25
1,2018-10-17,62.0,0.25
2,2018-10-18,62.0,0.26
3,2018-10-19,62.0,0.26
4,2018-10-20,62.0,0.26
5,2018-10-21,62.0,0.26
6,2018-10-22,62.0,0.26
7,2018-10-23,63.0,0.28
8,2018-10-24,80.0,0.96
9,2018-10-25,69.0,0.44
10,2018-10-26,65.0,0.32
11,2018-10-27,65.0,0.33
12,2018-10-28,71.0,0.66
13,2018-10-29,76.0,0.7
14,2018-10-30,69.0,0.44
15,2018-10-31,67.0,0.37
16,2018-11-01,66.0,0.34
17,2018-11-02,66.0,0.34
18,2018-11-03,65.0,0.31
19,2018-11-04,64.0,0.3
20,2018-11-05,64.0,0.3
21,2018-11-06,64.0,0.3
22,2018-11-07,64.0,0.3
23,2018-11-08,64.0,0.3
24,2018-11-09,64.0,0.3
25,2018-11-10,63.0,0.29
26,2018-11-11,63.0,0.28
27,2018-11-12,63.0,0.28
28,2018-11-13,64.0,0.3
29,2018-11-14,65.0,0.33
30,2018-11-15,68.0,0.43
31,2018-11-16,71.0,0.51
32,2018-11-17,68.0,0.41
33,2018-11-18,66.0,0.35
34,2018-11-19,67.0,0.39
35,2018-11-20,67.0,0.36
36,2018-11-21,65.0,0.33
37,2018-11-22,65.0,0.32
38,2018-11-23,64.0,0.31
39,2018-11-24,64.0,0.3
40,2018-11-25,64.0,0.3
41,2018-11-26,64.0,0.3
42,2018-11-27,64.0,0.3
43,2018-11-28,63.0,0.28
44,2018-11-29,65.0,0.33
45,2018-11-30,67.0,0.38
46,2018-12-01,69.0,0.45
47,2018-12-02,66.0,0.36
48,2018-12-03,68.0,0.42
49,2018-12-04,68.0,0.39
50,2018-12-05,71.0,0.5
51,2018-12-06,73.0,0.57
52,2018-12-07,73.0,0.56
53,2018-12-08,68.0,0.4
54,2018-12-09,68.0,0.4
55,2018-12-10,70.0,0.45
56,2018-12-11,76.0,0.72
57,2018-12-12,82.0,0.97
58,2018-12-13,74.0,0.62
59,2018-12-14,71.0,0.49
60,2018-12-15,69.0,0.44
61,2018-12-16,68.0,0.42
62,2018-12-17,68.0,0.4
63,2018-12-18,66.0,0.36
64,2018-12-19,66.0,0.35
65,2018-12-20,68.0,0.4
66,2018-12-21,69.0,0.44
67,2018-12-22,79.0,0.85
68,2018-12-23,82.0,0.97
69,2018-12-24,99.0,2.2
70,2018-12-25,101.0,2.28
71,2018-12-26,98.0,2.02
72,2018-12-27,96.0,1.85
73,2018-12-28,93.0,1.63
74,2018-12-29,93.0,1.63
75,2018-12-30,97.0,1.92
76,2018-12-31,98.0,2.1
77,2019-01-01,103.0,2.53
78,2019-01-02,105.0,2.65
79,2019-01-03,118.0,5.33
80,2019-01-04,116.0,4.05
81,2019-01-05,122.0,4.83
82,2019-01-06,128.0,5.83
83,2019-01-07,125.0,5.36
84,2019-01-08,137.0,7.75
85,2019-01-09,154.0,11.6
86,2019-01-10,158.0,12.6
87,2019-01-11,153.0,11.4
88,2019-01-12,148.0,9.89
89,2019-01-13,165.0,14.9
90,2019-01-14,188.0,23.1
91,2019-01-15,176.0,18.5
92,2019-01-16,173.0,17.4
93,2019-01-17,169.0,15.9
94,2019-01-18,153.0,11.6
95,2019-01-19,139.0,7.8
96,2019-01-20,133.0,6.8
97,2019-01-21,129.0,5.92
98,2019-01-22,126.0,5.54
99,2019-01-23,124.0,5.21
100,2019-01-24,120.0,4.53
101,2019-01-25,115.0,3.81
102,2019-01-26,117.0,4.1
103,2019-01-27,119.0,4.45
104,2019-01-28,118.0,4.26
105,2019-01-29,116.0,3.95
106,2019-01-30,114.0,3.72
107,2019-01-31,111.0,3.4
108,2019-02-01,108.0,3.05
109,2019-02-02,110.0,3.22
110,2019-02-03,112.0,3.42
111,2019-02-04,109.0,3.16
112,2019-02-05,107.0,2.91
113,2019-02-06,107.0,2.86
114,2019-02-07,107.0,2.9
115,2019-02-08,110.0,3.19
116,2019-02-09,120.0,4.82
117,2019-02-10,140.0,8.75
118,2019-02-11,146.0,10.1
119,2019-02-12,138.0,8.05
120,2019-02-13,135.0,7.45
121,2019-02-14,133.0,7.0
122,2019-02-15,130.0,6.58
123,2019-02-16,129.0,6.24
124,2019-02-17,127.0,5.94
125,2019-02-18,125.0,5.71
126,2019-02-19,125.0,5.55
127,2019-02-20,124.0,5.4
128,2019-02-21,122.0,5.22
129,2019-02-22,131.0,6.67
130,2019-02-23,133.0,7.15
131,2019-02-24,132.0,6.9
132,2019-02-25,131.0,6.73
133,2019-02-26,131.0,6.75
134,2019-02-27,132.0,6.83
135,2019-02-28,126.0,5.8
136,2019-03-01,121.0,5.05
137,2019-03-02,120.0,4.87
138,2019-03-03,120.0,4.79
139,2019-03-04,125.0,5.63
140,2019-03-05,130.0,6.61
141,2019-03-06,130.0,6.51
142,2019-03-07,124.0,5.46
143,2019-03-08,120.0,4.9
144,2019-03-09,121.0,5.0
145,2019-03-10,119.0,4.74
146,2019-03-11,123.0,5.34
147,2019-03-12,123.0,5.37
148,2019-03-13,121.0,5.07
149,2019-03-14,120.0,4.83
150,2019-03-15,124.0,5.49
151,2019-03-16,126.0,5.88
152,2019-03-17,126.0,5.82
153,2019-03-18,135.0,7.75
154,2019-03-19,145.0,9.83
155,2019-03-20,128.0,6.1
156,2019-03-21,128.0,6.17
157,2019-03-22,136.0,7.66
158,2019-03-23,136.0,7.65
159,2019-03-24,136.0,7.69
160,2019-03-25,135.0,7.5
161,2019-03-26,133.0,7.16
162,2019-03-27,132.0,6.83
163,2019-03-28,130.0,6.58
164,2019-03-29,130.0,6.52
165,2019-03-30,130.0,6.47
166,2019-03-31,129.0,6.33
167,2019-04-01,129.0,6.26
168,2019-04-02,127.0,5.91
169,2019-04-03,125.0,5.6
170,2019-04-04,125.0,5.63
171,2019-04-05,124.0,5.43
172,2019-04-06,123.0,5.31
173,2019-04-07,123.0,5.29
174,2019-04-08,122.0,5.19
175,2019-04-09,116.0,4.34
176,2019-04-10,105.0,2.85
177,2019-04-11,102.0,2.64
178,2019-04-12,98.0,2.25
179,2019-04-13,93.0,1.83
180,2019-04-14,94.0,1.87
181,2019-04-15,89.0,1.55
182,2019-04-16,84.0,1.17
183,2019-04-17,83.0,1.12
184,2019-04-18,82.0,1.09
185,2019-04-19,82.0,1.07
186,2019-04-20,81.0,1.0
187,2019-04-21,81.0,1.0
188,2019-04-22,80.0,0.98
189,2019-04-23,78.0,0.86
190,2019-04-24,72.0,0.6
191,2019-04-25,71.0,0.58
192,2019-04-26,77.0,0.97
193,2019-04-27,90.0,1.65
194,2019-04-28,82.0,1.09
195,2019-04-29,92.0,1.82
196,2019-04-30,89.0,1.49
197,2019-05-01,88.0,1.39
198,2019-05-02,86.0,1.3
199,2019-05-03,85.0,1.22
200,2019-05-04,89.0,1.5
201,2019-05-05,86.0,1.32
202,2019-05-06,84.0,1.19
203,2019-05-07,83.0,1.11
204,2019-05-08,81.0,1.02
205,2019-05-09,82.0,1.03
206,2019-05-10,81.0,1.0
207,2019-05-11,85.0,1.27
208,2019-05-12,93.0,1.81
209,2019-05-13,86.0,1.27
210,2019-05-14,87.0,1.34
211,2019-05-15,85.0,1.24
212,2019-05-16,91.0,1.63
213,2019-05-17,91.0,1.61
214,2019-05-18,89.0,1.47
215,2019-05-19,88.0,1.38
216,2019-05-20,95.0,2.06
217,2019-05-21,92.0,1.73
218,2019-05-22,89.0,1.44
219,2019-05-23,87.0,1.35
220,2019-05-24,85.0,1.23
221,2019-05-25,84.0,1.15
222,2019-05-26,83.0,1.09
223,2019-05-27,83.0,1.07
224,2019-05-28,87.0,1.37
225,2019-05-29,94.0,1.89
226,2019-05-30,91.0,1.62
227,2019-05-31,89.0,1.43
228,2019-06-01,88.0,1.36
229,2019-06-02,86.0,1.28
230,2019-06-03,84.0,1.13
231,2019-06-04,80.0,0.93
232,2019-06-05,80.0,0.92
233,2019-06-06,95.0,2.43
234,2019-06-07,95.0,1.92
235,2019-06-08,88.0,1.35
236,2019-06-09,84.0,1.15
237,2019-06-10,84.0,1.16
238,2019-06-11,89.0,1.5
239,2019-06-12,91.0,1.78
240,2019-06-13,94.0,1.84
241,2019-06-14,85.0,1.2
242,2019-06-15,82.0,1.05
243,2019-06-16,81.0,0.98
244,2019-06-17,80.0,0.94
245,2019-06-18,79.0,0.87
246,2019-06-19,78.0,0.81
247,2019-06-20,84.0,1.82
248,2019-06-21,90.0,1.86
249,2019-06-22,72.0,0.56
250,2019-06-23,70.0,0.5
251,2019-06-24,68.0,0.43
252,2019-06-25,70.0,0.51
253,2019-06-26,74.0,0.63
254,2019-06-27,66.0,0.35
255,2019-06-28,65.0,0.34
256,2019-06-29,65.0,0.33
257,2019-06-30,65.0,0.32
258,2019-07-01,65.0,0.33
259,2019-07-02,65.0,0.33
260,2019-07-03,66.0,0.34
261,2019-07-04,66.0,0.35
262,2019-07-05,66.0,0.34
263,2019-07-06,66.0,0.36
264,2019-07-07,68.0,0.41
265,2019-07-08,68.0,0.39
266,2019-07-09,67.0,0.36
267,2019-07-10,67.0,0.39
268,2019-07-11,67.0,0.39
269,2019-07-12,77.0,0.73
270,2019-07-13,84.0,1.22
271,2019-07-14,80.0,0.88
272,2019-07-15,75.0,0.64
273,2019-07-16,66.0,0.34
274,2019-07-17,65.0,0.33
275,2019-07-18,65.0,0.33
276,2019-07-19,65.0,0.32
277,2019-07-20,65.0,0.34
278,2019-07-21,66.0,0.34
279,2019-07-22,66.0,0.34
280,2019-07-23,65.0,0.32
281,2019-07-24,64.0,0.31
282,2019-07-25,65.0,0.32
283,2019-07-26,65.0,0.32
284,2019-07-27,64.0,0.31
285,2019-07-28,64.0,0.3
286,2019-07-29,64.0,0.3
287,2019-07-30,64.0,0.31
288,2019-07-31,64.0,0.3
289,2019-08-01,65.0,0.32
290,2019-08-02,64.0,0.3
291,2019-08-03,65.0,0.34
292,2019-08-04,65.0,0.33
293,2019-08-05,64.0,0.3
294,2019-08-06,64.0,0.3
295,2019-08-07,69.0,0.49
296,2019-08-08,71.0,0.53
297,2019-08-09,63.0,0.27
298,2019-08-10,67.0,0.39
299,2019-08-11,63.0,0.28
300,2019-08-12,65.0,0.33
301,2019-08-13,63.0,0.27
302,2019-08-14,61.0,0.24
303,2019-08-15,61.0,0.23
304,2019-08-16,61.0,0.24
305,2019-08-17,61.0,0.23
306,2019-08-18,61.0,0.24
307,2019-08-19,69.0,0.45
308,2019-08-20,62.0,0.26
309,2019-08-21,64.0,0.3
310,2019-08-22,62.0,0.25
311,2019-08-23,61.0,0.23
312,2019-08-24,61.0,0.23
313,2019-08-25,61.0,0.23
314,2019-08-26,62.0,0.25
315,2019-08-27,62.0,0.26
316,2019-08-28,62.0,0.26
317,2019-08-29,61.0,0.24
318,2019-08-30,65.0,0.37
319,2019-08-31,63.0,0.28
320,2019-09-01,61.0,0.24
321,2019-09-02,70.0,0.5
322,2019-09-03,79.0,0.83
323,2019-09-04,79.0,0.82
324,2019-09-05,79.0,0.82
325,2019-09-06,80.0,0.86
326,2019-09-07,81.0,0.91
327,2019-09-08,80.0,0.87
328,2019-09-09,100.0,2.49
329,2019-09-10,91.0,1.6
330,2019-09-11,84.0,1.08
331,2019-09-12,90.0,1.43
332,2019-09-13,89.0,1.39
333,2019-09-14,89.0,1.34
334,2019-09-15,89.0,1.37
335,2019-09-16,88.0,1.3
336,2019-09-17,87.0,1.22
337,2019-09-18,85.0,1.14
338,2019-09-19,84.0,1.09
339,2019-09-20,79.0,0.84
340,2019-09-21,64.0,0.3
341,2019-09-22,63.0,0.28
342,2019-09-23,63.0,0.27
343,2019-09-24,64.0,0.3
344,2019-09-25,64.0,0.31
345,2019-09-26,63.0,0.28
346,2019-09-27,62.0,0.27
347,2019-09-28,63.0,0.28
348,2019-09-29,62.0,0.26
349,2019-09-30,63.0,0.28
350,2019-10-01,64.0,0.3
351,2019-10-02,67.0,0.38
352,2019-10-03,67.0,0.39
353,2019-10-04,65.0,0.33
354,2019-10-05,80.0,0.89
355,2019-10-06,70.0,0.47
356,2019-10-07,67.0,0.38
357,2019-10-08,67.0,0.38
358,2019-10-09,72.0,0.52
359,2019-10-10,73.0,0.6
360,2019-10-11,84.0,1.07
361,2019-10-12,83.0,1.01
362,2019-10-13,83.0,1.0
363,2019-10-14,83.0,1.03
364,2019-10-15,82.0,0.98
365,2019-10-16,82.0,0.96
366,2019-10-17,84.0,1.09
367,2019-10-18,85.0,1.14
368,2019-10-19,86.0,1.18
369,2019-10-20,86.0,1.2
370,2019-10-21,78.0,0.8
371,2019-10-22,64.0,0.31
372,2019-10-23,64.0,0.3
373,2019-10-24,63.0,0.28
374,2019-10-25,63.0,0.28
375,2019-10-26,63.0,0.28
376,2019-10-27,64.0,0.31
377,2019-10-28,65.0,0.32
378,2019-10-29,63.0,0.28
379,2019-10-30,63.0,0.28
380,2019-10-31,64.0,0.29
381,2019-11-01,63.0,0.28
382,2019-11-02,64.0,0.3
383,2019-11-03,64.0,0.29
384,2019-11-04,65.0,0.33
385,2019-11-05,64.0,0.3
386,2019-11-06,63.0,0.27
387,2019-11-07,63.0,0.27
388,2019-11-08,61.0,0.24
389,2019-11-09,61.0,0.25
390,2019-11-10,62.0,0.25
391,2019-11-11,62.0,0.27
392,2019-11-12,67.0,0.37
393,2019-11-13,62.0,0.25
394,2019-11-14,62.0,0.26
395,2019-11-15,62.0,0.25
396,2019-11-16,61.0,0.23
397,2019-11-17,61.0,0.24
398,2019-11-18,63.0,0.27
399,2019-11-19,62.0,0.27
400,2019-11-20,63.0,0.28
401,2019-11-21,63.0,0.28
402,2019-11-22,63.0,0.27
403,2019-11-23,62.0,0.26
404,2019-11-24,62.0,0.26
405,2019-11-25,63.0,0.28
406,2019-11-26,62.0,0.26
407,2019-11-27,63.0,0.28
408,2019-11-28,63.0,0.28
409,2019-11-29,63.0,0.27
410,2019-11-30,62.0,0.26
411,2019-12-01,62.0,0.25
412,2019-12-02,61.0,0.24
413,2019-12-03,62.0,0.25
414,2019-12-04,61.0,0.24
415,2019-12-05,61.0,0.23
416,2019-12-06,60.0,0.22
417,2019-12-07,64.0,0.29
418,2019-12-08,62.0,0.25
419,2019-12-09,62.0,0.26
420,2019-12-10,64.0,0.31
421,2019-12-11,62.0,0.26
422,2019-12-12,62.0,0.25
423,2019-12-13,61.0,0.24
424,2019-12-14,63.0,0.27
425,2019-12-15,66.0,0.36
426,2019-12-16,65.0,0.32
427,2019-12-17,63.0,0.27
428,2019-12-18,62.0,0.26
429,2019-12-19,62.0,0.26
430,2019-12-20,62.0,0.26
431,2019-12-21,65.0,0.32
432,2019-12-22,63.0,0.28
433,2019-12-23,63.0,0.27
434,2019-12-24,64.0,0.31
435,2019-12-25,66.0,0.35
436,2019-12-26,67.0,0.37
437,2019-12-27,65.0,0.32
438,2019-12-28,64.0,0.3
439,2019-12-29,64.0,0.29
440,2019-12-30,63.0,0.28
441,2019-12-31,63.0,0.28
442,2020-01-01,63.0,0.28
443,2020-01-02,63.0,0.27
444,2020-01-03,63.0,0.29
445,2020-01-04,65.0,0.33
446,2020-01-05,66.0,0.34
447,2020-01-06,67.0,0.39
448,2020-01-07,75.0,0.66
449,2020-01-08,76.0,0.67
450,2020-01-09,79.0,0.81
451,2020-01-10,77.0,0.72
452,2020-01-11,77.0,0.71
453,2020-01-12,76.0,0.69
454,2020-01-13,76.0,0.7
455,2020-01-14,77.0,0.72
456,2020-01-15,77.0,0.72
457,2020-01-16,77.0,0.72
458,2020-01-17,74.0,0.62
459,2020-01-18,64.0,0.3
460,2020-01-19,64.0,0.29
461,2020-01-20,63.0,0.28
462,2020-01-21,63.0,0.28
463,2020-01-22,62.0,0.26
464,2020-01-23,64.0,0.29
465,2020-01-24,63.0,0.26
466,2020-01-25,66.0,0.25
467,2020-01-26,66.0,0.28
468,2020-01-27,62.0,0.28
469,2020-01-28,63.0,0.29
470,2020-01-29,64.0,0.29
471,2020-01-30,63.0,0.29
472,2020-01-31,64.0,0.3
473,2020-02-01,64.0,0.31
474,2020-02-02,68.0,0.4
475,2020-02-03,95.0,2.0
476,2020-02-04,111.0,3.43
477,2020-02-05,107.0,2.96
478,2020-02-06,103.0,2.51
479,2020-02-07,102.0,2.36
480,2020-02-08,100.0,2.21
481,2020-02-09,99.0,2.11
482,2020-02-10,104.0,2.61
483,2020-02-11,103.0,2.5
484,2020-02-12,101.0,2.31
485,2020-02-13,107.0,2.95
486,2020-02-14,116.0,3.93
487,2020-02-15,115.0,3.86
488,2020-02-16,114.0,3.77
489,2020-02-17,114.0,3.73
490,2020-02-18,113.0,3.66
491,2020-02-19,113.0,3.63
492,2020-02-20,113.0,3.56
493,2020-02-21,108.0,3.09
494,2020-02-22,98.0,2.07
495,2020-02-23,104.0,2.62
496,2020-02-24,111.0,3.43
497,2020-02-25,114.0,3.79
498,2020-02-26,113.0,3.6
499,2020-02-27,114.0,3.74
500,2020-02-28,116.0,3.94
501,2020-02-29,118.0,4.19
502,2020-03-01,118.0,4.24
503,2020-03-02,108.0,3.1
504,2020-03-03,95.0,1.83
505,2020-03-04,93.0,1.63
506,2020-03-05,91.0,1.47
507,2020-03-06,102.0,2.58
508,2020-03-07,119.0,4.34
509,2020-03-08,117.0,4.17
510,2020-03-09,112.0,3.48
511,2020-03-10,105.0,2.65
512,2020-03-11,110.0,3.21
513,2020-03-12,111.0,3.32
514,2020-03-13,109.0,3.16
515,2020-03-14,108.0,3.04
516,2020-03-15,107.0,2.93
517,2020-03-16,111.0,3.44
518,2020-03-17,117.0,4.08
519,2020-03-18,116.0,3.99
520,2020-03-19,116.0,3.92
521,2020-03-20,111.0,3.33
522,2020-03-21,105.0,2.68
523,2020-03-22,104.0,2.59
524,2020-03-23,100.0,2.25
525,2020-03-24,96.0,1.86
526,2020-03-25,95.0,1.81
527,2020-03-26,92.0,1.59
528,2020-03-27,88.0,1.3
529,2020-03-28,87.0,1.26
530,2020-03-29,88.0,1.27
531,2020-03-30,87.0,1.26
532,2020-03-31,87.0,1.24
533,2020-04-01,86.0,1.19
534,2020-04-02,86.0,1.18
535,2020-04-03,85.0,1.14
536,2020-04-04,85.0,1.11
537,2020-04-05,85.0,1.12
538,2020-04-06,81.0,0.9
539,2020-04-07,72.0,0.52
540,2020-04-08,71.0,0.51
541,2020-04-09,70.0,0.47
542,2020-04-10,70.0,0.46
543,2020-04-11,69.0,0.44
544,2020-04-12,69.0,0.44
545,2020-04-13,70.0,0.45
546,2020-04-14,70.0,0.48
547,2020-04-15,68.0,0.41
548,2020-04-16,68.0,0.41
549,2020-04-17,68.0,0.4
550,2020-04-18,67.0,0.39
551,2020-04-19,68.0,0.39
552,2020-04-20,67.0,0.39
553,2020-04-21,67.0,0.38
554,2020-04-22,66.0,0.36
555,2020-04-23,66.0,0.34
556,2020-04-24,65.0,0.33
557,2020-04-25,65.0,0.34
558,2020-04-26,65.0,0.33
559,2020-04-27,66.0,0.34
560,2020-04-28,64.0,0.3
561,2020-04-29,64.0,0.3
562,2020-04-30,64.0,0.29
563,2020-05-01,63.0,0.28
564,2020-05-02,64.0,0.3
565,2020-05-03,65.0,0.33
566,2020-05-04,65.0,0.32
567,2020-05-05,66.0,0.36
568,2020-05-06,64.0,0.3
569,2020-05-07,64.0,0.29
570,2020-05-08,63.0,0.29
571,2020-05-09,63.0,0.27
572,2020-05-10,63.0,0.29
573,2020-05-11,72.0,0.59
574,2020-05-12,75.0,0.67
575,2020-05-13,67.0,0.38
576,2020-05-14,65.0,0.33
577,2020-05-15,64.0,0.29
578,2020-05-16,63.0,0.27
579,2020-05-17,63.0,0.27
580,2020-05-18,62.0,0.25
581,2020-05-19,61.0,0.24
582,2020-05-20,62.0,0.25
583,2020-05-21,62.0,0.25
584,2020-05-22,62.0,0.26
585,2020-05-23,76.0,0.76
586,2020-05-24,67.0,0.39
587,2020-05-25,66.0,0.35
588,2020-05-26,66.0,0.36
589,2020-05-27,64.0,0.29
590,2020-05-28,77.0,0.85
591,2020-05-29,67.0,0.38
592,2020-05-30,65.0,0.31
593,2020-05-31,64.0,0.3
594,2020-06-01,63.0,0.29
595,2020-06-02,64.0,0.31
596,2020-06-03,67.0,0.38
597,2020-06-04,63.0,0.28
598,2020-06-05,65.0,0.33
599,2020-06-06,64.0,0.31
600,2020-06-07,63.0,0.28
601,2020-06-08,67.0,0.37
602,2020-06-09,63.0,0.27
603,2020-06-10,62.0,0.26
604,2020-06-11,63.0,0.28
605,2020-06-12,65.0,0.33
606,2020-06-13,72.0,0.55
607,2020-06-14,83.0,1.15
608,2020-06-15,73.0,0.57
609,2020-06-16,63.0,0.28
610,2020-06-17,62.0,0.25
611,2020-06-18,61.0,0.24
612,2020-06-19,64.0,0.31
613,2020-06-20,64.0,0.3
614,2020-06-21,62.0,0.26
615,2020-06-22,61.0,0.24
616,2020-06-23,61.0,0.23
617,2020-06-24,61.0,0.23
618,2020-06-25,66.0,0.35
619,2020-06-26,66.0,0.35
620,2020-06-27,82.0,1.15
621,2020-06-28,77.0,0.73
622,2020-06-29,77.0,0.71
623,2020-06-30,75.0,0.66
624,2020-07-01,72.0,0.54
625,2020-07-02,62.0,0.26
626,2020-07-03,62.0,0.26
627,2020-07-04,61.0,0.23
628,2020-07-05,60.0,0.22
629,2020-07-06,61.0,0.22
630,2020-07-07,61.0,0.24
631,2020-07-08,62.0,0.25
632,2020-07-09,62.0,0.26
633,2020-07-10,61.0,0.24
634,2020-07-11,61.0,0.23
635,2020-07-12,61.0,0.23
636,2020-07-13,61.0,0.23
637,2020-07-14,61.0,0.23
638,2020-07-15,64.0,0.31
639,2020-07-16,77.0,0.85
640,2020-07-17,70.0,0.46
641,2020-07-18,64.0,0.3
642,2020-07-19,63.0,0.27
643,2020-07-20,67.0,0.4
644,2020-07-21,76.0,0.7
645,2020-07-22,77.0,0.72
646,2020-07-23,77.0,0.72
647,2020-07-24,74.0,0.63
648,2020-07-25,63.0,0.28
649,2020-07-26,64.0,0.3
650,2020-07-27,65.0,0.31
651,2020-07-28,64.0,0.31
652,2020-07-29,64.0,0.3
653,2020-07-30,64.0,0.3
654,2020-07-31,64.0,0.3
655,2020-08-01,64.0,0.3
656,2020-08-02,68.0,0.47
657,2020-08-03,68.0,0.41
658,2020-08-04,62.0,0.27
659,2020-08-05,61.0,0.24
660,2020-08-06,61.0,0.23
661,2020-08-07,61.0,0.24
662,2020-08-08,62.0,0.25
663,2020-08-09,62.0,0.26
664,2020-08-10,62.0,0.24
665,2020-08-11,65.0,0.34
666,2020-08-12,64.0,0.3
667,2020-08-13,62.0,0.27
668,2020-08-14,73.0,1.04
669,2020-08-15,62.0,0.25
670,2020-08-16,60.0,0.21
671,2020-08-17,59.0,0.2
672,2020-08-18,62.0,0.26
673,2020-08-19,60.0,0.22
674,2020-08-20,60.0,0.22
675,2020-08-21,60.0,0.22
676,2020-08-22,64.0,0.3
677,2020-08-23,63.0,0.29
678,2020-08-24,61.0,0.24
679,2020-08-25,61.0,0.23
680,2020-08-26,62.0,0.27
681,2020-08-27,62.0,0.25
682,2020-08-28,62.0,0.26
683,2020-08-29,63.0,0.27
684,2020-08-30,78.0,1.68
685,2020-08-31,136.0,8.12
686,2020-09-01,108.0,3.06
687,2020-09-02,91.0,1.55
688,2020-09-03,81.0,0.9
689,2020-09-04,80.0,0.85
690,2020-09-05,79.0,0.82
691,2020-09-06,79.0,0.81
692,2020-09-07,75.0,0.67
693,2020-09-08,67.0,0.37
694,2020-09-09,66.0,0.35
695,2020-09-10,66.0,0.34
696,2020-09-11,65.0,0.32
697,2020-09-12,65.0,0.32
698,2020-09-13,64.0,0.3
699,2020-09-14,65.0,0.33
700,2020-09-15,68.0,0.42
701,2020-09-16,65.0,0.33
702,2020-09-17,64.0,0.3
703,2020-09-18,63.0,0.29
704,2020-09-19,63.0,0.28
705,2020-09-20,63.0,0.28
706,2020-09-21,63.0,0.28
707,2020-09-22,63.0,0.29
708,2020-09-23,74.0,0.93
709,2020-09-24,73.0,0.62
710,2020-09-25,73.0,0.58
711,2020-09-26,108.0,3.44
712,2020-09-27,93.0,1.69
713,2020-09-28,84.0,1.1
714,2020-09-29,82.0,0.95
715,2020-09-30,81.0,0.9
716,2020-10-01,77.0,0.75
717,2020-10-02,69.0,0.43
718,2020-10-03,68.0,0.39
719,2020-10-04,69.0,0.42
720,2020-10-05,68.0,0.42
721,2020-10-06,69.0,0.43
722,2020-10-07,67.0,0.39
723,2020-10-08,67.0,0.38
724,2020-10-09,66.0,0.34
725,2020-10-10,67.0,0.39
726,2020-10-11,67.0,0.36
727,2020-10-12,70.0,0.51
728,2020-10-13,85.0,1.15
729,2020-10-14,139.0,9.11
730,2020-10-15,144.0,9.0
731,2020-10-16,150.0,10.6
732,2020-10-17,160.0,13.1
733,2020-10-18,155.0,11.8
734,2020-10-19,155.0,11.6
735,2020-10-20,154.0,11.6
736,2020-10-21,152.0,11.1
737,2020-10-22,129.0,6.59
738,2020-10-23,129.0,6.06
739,2020-10-24,130.0,6.24
740,2020-10-25,128.0,5.85
741,2020-10-26,123.0,5.05
742,2020-10-27,116.0,4.03
743,2020-10-28,105.0,2.67
744,2020-10-29,105.0,2.71
745,2020-10-30,109.0,3.19
746,2020-10-31,114.0,3.67
747,2020-11-01,111.0,3.32
748,2020-11-02,112.0,3.54
749,2020-11-03,118.0,4.28
750,2020-11-04,119.0,4.46
751,2020-11-05,119.0,4.33
752,2020-11-06,112.0,3.56
753,2020-11-07,104.0,2.55
754,2020-11-08,102.0,2.42
755,2020-11-09,101.0,2.27
756,2020-11-10,98.0,2.07
757,2020-11-11,96.0,1.89
758,2020-11-12,94.0,1.69
759,2020-11-13,92.0,1.54
760,2020-11-14,88.0,1.33
761,2020-11-15,88.0,1.31
762,2020-11-16,89.0,1.34
763,2020-11-17,87.0,1.26
764,2020-11-18,87.0,1.21
765,2020-11-19,86.0,1.2
766,2020-11-20,86.0,1.18
767,2020-11-21,81.0,0.93
768,2020-11-22,81.0,0.91
769,2020-11-23,81.0,0.91
770,2020-11-24,81.0,0.9
771,2020-11-25,80.0,0.86
772,2020-11-26,79.0,0.82
773,2020-11-27,79.0,0.81
774,2020-11-28,79.0,0.81
775,2020-11-29,79.0,0.8
776,2020-11-30,79.0,0.82
777,2020-12-01,79.0,0.83
778,2020-12-02,80.0,0.87
779,2020-12-03,79.0,0.84
780,2020-12-04,80.0,0.86
781,2020-12-05,80.0,0.86
782,2020-12-06,79.0,0.81
783,2020-12-07,79.0,0.82
784,2020-12-08,78.0,0.79
785,2020-12-09,78.0,0.77
786,2020-12-10,79.0,0.81
787,2020-12-11,79.0,0.83
788,2020-12-12,79.0,0.8
789,2020-12-13,78.0,0.77
790,2020-12-14,78.0,0.75
791,2020-12-15,77.0,0.74
792,2020-12-16,77.0,0.72
793,2020-12-17,77.0,0.72
794,2020-12-18,77.0,0.72
795,2020-12-19,76.0,0.7
796,2020-12-20,76.0,0.68
797,2020-12-21,76.0,0.69
798,2020-12-22,78.0,0.78
799,2020-12-23,82.0,0.98
800,2020-12-24,85.0,1.14
801,2020-12-25,82.0,0.98
802,2020-12-26,81.0,0.89
803,2020-12-27,80.0,0.85
804,2020-12-28,80.0,0.84
805,2020-12-29,79.0,0.83
806,2020-12-30,79.0,0.81
807,2020-12-31,78.0,0.79
808,2021-01-01,78.0,0.77
809,2021-01-02,78.0,0.77
810,2021-01-03,79.0,0.82
811,2021-01-04,80.0,0.84
812,2021-01-05,79.0,0.81
813,2021-01-06,79.0,0.82
814,2021-01-07,79.0,0.81
815,2021-01-08,79.0,0.81
816,2021-01-09,79.0,0.8
817,2021-01-10,79.0,0.8
818,2021-01-11,77.0,0.74
819,2021-01-12,82.0,0.96
820,2021-01-13,80.0,0.88
821,2021-01-14,81.0,0.88
822,2021-01-15,80.0,0.85
823,2021-01-16,79.0,0.81
824,2021-01-17,79.0,0.8
825,2021-01-18,78.0,0.79
826,2021-01-19,84.0,1.08
827,2021-01-20,93.0,1.69
828,2021-01-21,109.0,3.11
829,2021-01-22,114.0,3.79
830,2021-01-23,118.0,4.24
831,2021-01-24,114.0,3.77
832,2021-01-25,114.0,3.71
833,2021-01-26,114.0,3.78
834,2021-01-27,114.0,3.72
835,2021-01-28,117.0,4.19
836,2021-01-29,126.0,5.47
837,2021-01-30,151.0,10.4
838,2021-01-31,144.0,8.57
839,2021-02-01,145.0,8.96
840,2021-02-02,151.0,10.2
841,2021-02-03,155.0,11.2
842,2021-02-04,163.0,13.2
843,2021-02-05,160.0,12.3
844,2021-02-06,156.0,11.5
845,2021-02-07,154.0,10.8
846,2021-02-08,146.0,9.01
847,2021-02-09,134.0,6.73
848,2021-02-10,134.0,6.32
849,2021-02-11,130.0,5.97
850,2021-02-12,125.0,5.25
851,2021-02-13,121.0,4.58
852,2021-02-14,120.0,4.41
853,2021-02-15,123.0,4.89
854,2021-02-16,126.0,5.33
855,2021-02-17,139.0,7.79
856,2021-02-18,149.0,9.77
857,2021-02-19,149.0,9.7
858,2021-02-20,146.0,9.11
859,2021-02-21,142.0,8.27
860,2021-02-22,140.0,7.7
861,2021-02-23,137.0,7.25
862,2021-02-24,135.0,6.81
863,2021-02-25,133.0,6.47
864,2021-02-26,131.0,6.21
865,2021-02-27,130.0,6.02
866,2021-02-28,129.0,5.78
867,2021-03-01,128.0,5.62
868,2021-03-02,125.0,5.17
869,2021-03-03,122.0,4.8
870,2021-03-04,122.0,4.76
871,2021-03-05,122.0,4.74
872,2021-03-06,120.0,4.5
873,2021-03-07,120.0,4.45
874,2021-03-08,120.0,4.44
875,2021-03-09,114.0,3.68
876,2021-03-10,106.0,2.84
877,2021-03-11,106.0,2.82
878,2021-03-12,106.0,2.8
879,2021-03-13,105.0,2.67
880,2021-03-14,104.0,2.63
881,2021-03-15,103.0,2.53
882,2021-03-16,101.0,2.3
883,2021-03-17,101.0,2.3
884,2021-03-18,102.0,2.41
885,2021-03-19,105.0,2.73
886,2021-03-20,105.0,2.67
887,2021-03-21,104.0,2.64
888,2021-03-22,106.0,2.79
889,2021-03-23,107.0,2.91
890,2021-03-24,106.0,2.85
891,2021-03-25,108.0,3.01
892,2021-03-26,110.0,3.25
893,2021-03-27,110.0,3.22
894,2021-03-28,109.0,3.13
895,2021-03-29,113.0,3.64
896,2021-03-30,118.0,4.18
897,2021-03-31,117.0,4.07
898,2021-04-01,116.0,3.93
899,2021-04-02,114.0,3.72
900,2021-04-03,115.0,3.8
901,2021-04-04,114.0,3.67
902,2021-04-05,115.0,3.86
903,2021-04-06,115.0,3.78
904,2021-04-07,116.0,3.92
905,2021-04-08,119.0,4.3
906,2021-04-09,114.0,3.71
907,2021-04-10,112.0,3.45
908,2021-04-11,111.0,3.38
909,2021-04-12,114.0,3.64
910,2021-04-13,113.0,3.53
911,2021-04-14,112.0,3.45
912,2021-04-15,116.0,3.95
913,2021-04-16,121.0,4.56
914,2021-04-17,121.0,4.59
915,2021-04-18,121.0,4.56
916,2021-04-19,119.0,4.33
917,2021-04-20,119.0,4.38
918,2021-04-21,119.0,4.33
919,2021-04-22,118.0,4.19
920,2021-04-23,118.0,4.13
921,2021-04-24,117.0,4.05
922,2021-04-25,116.0,3.98
923,2021-04-26,113.0,3.57
924,2021-04-27,104.0,2.63
925,2021-04-28,97.0,1.99
926,2021-04-29,101.0,2.29
927,2021-04-30,108.0,3.04
928,2021-05-01,112.0,3.48
929,2021-05-02,119.0,4.4
930,2021-05-03,113.0,3.58
931,2021-05-04,113.0,3.57
932,2021-05-05,115.0,3.81
933,2021-05-06,105.0,2.72
934,2021-05-07,104.0,2.59
935,2021-05-08,101.0,2.36
936,2021-05-09,101.0,2.32
937,2021-05-10,98.0,2.05
938,2021-05-11,90.0,1.48
939,2021-05-12,103.0,2.72
940,2021-05-13,125.0,5.25
941,2021-05-14,125.0,5.14
942,2021-05-15,122.0,4.7
943,2021-05-16,121.0,4.64
944,2021-05-17,119.0,4.32
945,2021-05-18,118.0,4.23
946,2021-05-19,124.0,5.02
947,2021-05-20,123.0,4.83
948,2021-05-21,122.0,4.76
949,2021-05-22,120.0,4.44
950,2021-05-23,119.0,4.26
951,2021-05-24,116.0,3.97
952,2021-05-25,108.0,3.03
953,2021-05-26,100.0,2.2
954,2021-05-27,96.0,1.94
955,2021-05-28,94.0,1.77
956,2021-05-29,91.0,1.56
957,2021-05-30,91.0,1.51
958,2021-05-31,89.0,1.41
959,2021-06-01,88.0,1.33
960,2021-06-02,83.0,1.06
961,2021-06-03,77.0,0.77
962,2021-06-04,79.0,0.88
963,2021-06-05,88.0,1.46
964,2021-06-06,89.0,1.41
965,2021-06-07,84.0,1.11
966,2021-06-08,80.0,0.9
967,2021-06-09,75.0,0.69
968,2021-06-10,73.0,0.59
969,2021-06-11,71.0,0.54
970,2021-06-12,71.0,0.52
971,2021-06-13,70.0,0.5
972,2021-06-14,72.0,0.59
973,2021-06-15,73.0,0.6
974,2021-06-16,78.0,0.81
975,2021-06-17,78.0,0.78
976,2021-06-18,74.0,0.64
977,2021-06-19,67.0,0.4
978,2021-06-20,66.0,0.38
979,2021-06-21,66.0,0.39
980,2021-06-22,72.0,0.56
981,2021-06-23,71.0,0.54
982,2021-06-24,82.0,1.03
983,2021-06-25,89.0,1.48
984,2021-06-26,87.0,1.26
985,2021-06-27,96.0,2.58
986,2021-06-28,75.0,0.7
987,2021-06-29,69.0,0.74
988,2021-06-30,119.0,5.28
989,2021-07-01,91.0,1.51
990,2021-07-02,89.0,1.43
991,2021-07-03,79.0,0.83
992,2021-07-04,75.0,0.7
993,2021-07-05,77.0,0.77
994,2021-07-06,83.0,1.04
995,2021-07-07,109.0,3.38
996,2021-07-08,96.0,1.89
997,2021-07-09,110.0,3.26
998,2021-07-10,102.0,2.37
999,2021-07-11,104.0,2.74
1000,2021-07-12,97.0,2.01
1001,2021-07-13,92.0,1.87
1002,2021-07-14,109.0,3.35
1003,2021-07-15,94.0,1.75
1004,2021-07-16,90.0,1.49
1005,2021-07-17,101.0,2.45
1006,2021-07-18,95.0,1.82
1007,2021-07-19,92.0,1.57
1008,2021-07-20,92.0,1.59
1009,2021-07-21,89.0,1.4
1010,2021-07-22,85.0,1.14
1011,2021-07-23,83.0,1.07
1012,2021-07-24,82.0,1.0
1013,2021-07-25,83.0,1.06
1014,2021-07-26,84.0,1.11
1015,2021-07-27,81.0,0.97
1016,2021-07-28,80.0,0.91
1017,2021-07-29,80.0,0.88
1018,2021-07-30,79.0,0.85
1019,2021-07-31,78.0,0.81
1020,2021-08-01,79.0,0.88
1021,2021-08-02,77.0,0.79
1022,2021-08-03,70.0,0.5
1023,2021-08-04,78.0,0.83
1024,2021-08-05,84.0,1.11
1025,2021-08-06,93.0,1.87
1026,2021-08-07,85.0,1.17
1027,2021-08-08,84.0,1.14
1028,2021-08-09,80.0,0.89
1029,2021-08-10,80.0,0.94
1030,2021-08-11,81.0,0.97
1031,2021-08-12,78.0,0.82
1032,2021-08-13,75.0,0.69
1033,2021-08-14,67.0,0.4
1034,2021-08-15,66.0,0.39
1035,2021-08-16,66.0,0.39
1036,2021-08-17,67.0,0.41
1037,2021-08-18,66.0,0.38
1038,2021-08-19,66.0,0.38
1039,2021-08-20,66.0,0.38
1040,2021-08-21,66.0,0.37
1041,2021-08-22,73.0,0.83
1042,2021-08-23,111.0,3.48
1043,2021-08-24,115.0,3.94
1044,2021-08-25,100.0,2.2
1045,2021-08-26,97.0,2.0
1046,2021-08-27,118.0,4.9
1047,2021-08-28,149.0,9.83
1048,2021-08-29,153.0,10.7
1049,2021-08-30,151.0,10.3
1050,2021-08-31,179.0,18.4
1051,2021-09-01,187.0,21.1
1052,2021-09-02,186.0,20.7
1053,2021-09-03,184.0,20.0
1054,2021-09-04,180.0,18.4
1055,2021-09-05,169.0,15.4
1056,2021-09-06,137.0,7.2
1057,2021-09-07,121.0,4.69
1058,2021-09-08,114.0,3.68
1059,2021-09-09,112.0,3.5
1060,2021-09-10,116.0,4.03
1061,2021-09-11,113.0,3.54
1062,2021-09-12,112.0,3.45
1063,2021-09-13,115.0,3.8
1064,2021-09-14,119.0,4.31
1065,2021-09-15,118.0,4.24
1066,2021-09-16,121.0,4.59
1067,2021-09-17,117.0,4.08
1068,2021-09-18,115.0,3.84
1069,2021-09-19,115.0,3.83
1070,2021-09-20,102.0,2.6
1071,2021-09-21,86.0,1.24
1072,2021-09-22,86.0,1.24
1073,2021-09-23,84.0,1.12
1074,2021-09-24,80.0,0.92
1075,2021-09-25,80.0,0.89
1076,2021-09-26,79.0,0.86
1077,2021-09-27,80.0,0.92
1078,2021-09-28,79.0,0.86
1079,2021-09-29,79.0,0.86
1080,2021-09-30,78.0,0.84
1081,2021-10-01,78.0,0.81
1082,2021-10-02,78.0,0.79
1083,2021-10-03,77.0,0.76
1084,2021-10-04,75.0,0.67
1085,2021-10-05,70.0,0.5
1086,2021-10-06,70.0,0.49
1087,2021-10-07,68.0,0.45
1088,2021-10-08,72.0,0.57
1089,2021-10-09,71.0,0.53
1090,2021-10-10,71.0,0.53
1091,2021-10-11,68.0,0.45
1092,2021-10-12,72.0,0.56
1093,2021-10-13,71.0,0.52
1094,2021-10-14,69.0,0.48
1095,2021-10-15,70.0,0.49
1096,2021-10-16,68.0,0.43
1097,2021-10-17,68.0,0.45
1098,2021-10-18,67.0,0.41
1099,2021-10-19,67.0,0.4
1100,2021-10-20,65.0,0.35
1101,2021-10-21,65.0,0.35
1102,2021-10-22,65.0,0.36
1103,2021-10-23,66.0,0.39
1104,2021-10-24,65.0,0.36
1105,2021-10-25,66.0,0.37
1106,2021-10-26,65.0,0.35
1107,2021-10-27,64.0,0.32
1108,2021-10-28,63.0,0.3
1109,2021-10-29,62.0,0.28
1110,2021-10-30,62.0,0.29
1111,2021-10-31,63.0,0.29
1112,2021-11-01,63.0,0.32
1113,2021-11-02,85.0,1.17
1114,2021-11-03,88.0,1.34
1115,2021-11-04,111.0,3.57
1116,2021-11-05,108.0,2.98
1117,2021-11-06,101.0,2.35
1118,2021-11-07,98.0,2.07
1119,2021-11-08,92.0,1.65
1120,2021-11-09,83.0,1.06
1121,2021-11-10,81.0,0.97
1122,2021-11-11,81.0,0.94
1123,2021-11-12,81.0,0.93
1124,2021-11-13,80.0,0.9
1125,2021-11-14,80.0,0.91
1126,2021-11-15,80.0,0.91
1127,2021-11-16,80.0,0.88
1128,2021-11-17,79.0,0.84
1129,2021-11-18,79.0,0.83
1130,2021-11-19,79.0,0.86
1131,2021-11-20,79.0,0.87
1132,2021-11-21,80.0,0.91
1133,2021-11-22,80.0,0.91
1134,2021-11-23,78.0,0.8
1135,2021-11-24,76.0,0.71
1136,2021-11-25,71.0,0.52
1137,2021-11-26,70.0,0.5
1138,2021-11-27,70.0,0.52
1139,2021-11-28,71.0,0.53
1140,2021-11-29,73.0,0.6
1141,2021-11-30,80.0,0.91
1142,2021-12-01,86.0,1.19
1143,2021-12-02,85.0,1.15
1144,2021-12-03,82.0,1.03
1145,2021-12-04,81.0,0.96
1146,2021-12-05,84.0,1.11
1147,2021-12-06,83.0,1.07
1148,2021-12-07,82.0,1.0
1149,2021-12-08,82.0,1.0
1150,2021-12-09,82.0,0.98
1151,2021-12-10,83.0,1.07
1152,2021-12-11,81.0,0.97
1153,2021-12-12,81.0,0.94
1154,2021-12-13,84.0,1.09
1155,2021-12-14,89.0,1.38
1156,2021-12-15,92.0,1.58
1157,2021-12-16,91.0,1.54
1158,2021-12-17,91.0,1.57
1159,2021-12-18,92.0,1.6
1160,2021-12-19,93.0,1.65
1161,2021-12-20,96.0,1.88
1162,2021-12-21,96.0,1.94
1163,2021-12-22,95.0,1.82
1164,2021-12-23,96.0,1.94
1165,2021-12-24,106.0,2.79
1166,2021-12-25,107.0,2.95
1167,2021-12-26,107.0,2.74
1168,2021-12-27,107.0,2.78
1169,2021-12-28,104.0,2.62
1170,2021-12-29,108.0,2.96
1171,2021-12-30,109.0,3.15
1172,2021-12-31,109.0,3.11
